block,colony,id,caste,callow,founding_queen
8,BG197,2744,,,
8,BG197,2616,,,
8,BG197,2690,,,
8,BG197,2782,,,
8,BG197,2531,,,
8,BG197,2654,,,
8,BG197,2534,Queen,,Y
8,BI147,2706,,,
8,BI147,2617,,,
8,BI147,2778,,,
8,BI147,2615,,,
8,BI147,2442,Queen,,Y
8,BI147,2745,,,
8,BI147,2550,,,
8,BI147,2833,,,
8,BI147,2478,,,
8,BI147,2832,,,
8,BI147,2707,,,
8,BG202,2498,,,
8,BG202,2585,,,
8,BG202,2620,,,
8,BG202,2711,,,
8,BG202,2783,,,
8,BG202,2672,,,
8,BG202,2742,,,
8,BG202,2814,Queen,,Y
8,BI176,2479,,,
8,BI176,2673,,,
8,BI176,2447,,,
8,BI176,2743,,,
8,BI176,2655,,,
8,BI176,2535,,,
8,BI176,2583,,,
8,BI176,2499,,,
8,BI176,2779,Queen,,Y
11,BI91,6310,,,
11,BI91,1446,,,
11,BI91,6479,,,
11,BI91,2610,Queen,,Y
11,BI91,1482,,,
11,BI91,6359,,,
11,BI91,6255,,,
11,BI91,6254,,,
11,BI91,6249,,,
11,BI91,914,,,
11,BI91,1421,,,
11,BI91,6212,,,
11,BI91,6411,,,
11,BI91,6373,,,
11,BI91,6337,,,
11,BI91,1377,,,
11,BI91,2614,,,
11,BI91,1410,,,
11,BI91,859,,,
11,BI91,6372,,,
11,BI91,6340,,,
11,BI91,6281,,,
11,BI183,2805,,,
11,BI183,1623,,,
11,BI183,1222,Queen,,Y
11,BI183,1256,,,
11,BI183,2537,,,
11,BI183,2640,,,
11,BI183,1472,,,
11,BI183,2641,,,
11,BI183,1588,,,
11,BI183,2810,,,
11,BI183,1509,,,
11,BI183,1473,,,
11,BI183,1477,,,
11,BI183,1624,,,
11,BI183,1556,,,
11,BI183,2413,,,
11,BI183,2588,,,
11,BI183,1552,,,
11,BI183,2433,,,
11,BI183,1260,,,
11,BI183,1380,,,
11,BI183,1359,,,
11,BI183,2769,,,
11,BI183,1563,,,
11,BI183,1321,,,
11,BI183,2687,,,
11,BI141,1504,Queen,,Y
11,BI141,1320,,,
11,BI141,1348,,,
11,BI141,1381,,,
11,BI141,2713,,,
11,BI141,2748,,,
11,BI141,1443,,,
11,BI141,1486,,,
11,BI141,2437,,,
11,BI141,1288,,,
11,BI141,1314,,,
11,BI141,1325,,,
11,BI141,1514,,,
11,BI141,1358,,,
11,BI141,2468,,,
11,BI141,2509,,,
11,BI141,1391,,,
11,BI141,1619,,,
11,BI141,1261,,,
11,BI41,2508,Queen,,Y
11,BI41,1257,,,
11,BI41,1420,,,
11,BI41,1255,,,
11,BI41,1354,,,
11,BI41,1287,,,
11,BI41,2712,,,
11,BI41,1505,,,
11,BI41,2465,,,
11,BI41,2432,,,
11,BI41,2811,,,
11,BI41,1518,,,
11,BI41,2446,,,
11,BI41,1293,,,
11,BI41,1414,,,
11,BI41,2749,,,
11,BI41,2504,,,
11,BI41,1251,,,
11,BI41,2469,,,
11,BI41,2800,,,
11,BI41,1355,,,
11,BI41,2505,,,
11,BI41,1448,,,
4,BI24,1594,Queen,,Y
4,BI24,1390,Worker,,
4,BI24,2717,Worker,,
4,BI24,1345,Worker,,
4,BB50,1589,Queen,,Y
4,BB50,2597,Worker,,
4,BB50,1315,Worker,,
4,BB50,1229,Worker,,
4,BB246,2436,Queen,,Y
4,BB246,2464,Male,Y,
4,BB246,1254,Worker,,
4,BB246,1416,Worker,,
4,BB246,1598,Worker,,
4,BB155,1508,Queen,,Y
4,BB155,1519,Worker,,
4,BB155,1449,Worker,,
4,BB155,2502,Worker,Y,
4,BB155,2651,Worker,Y,
4,BB155,2682,Worker,Y,
10,BI16,1447,,,
10,BI16,1553,,,
10,BI16,1415,,,
10,BI16,2768,,,
10,BI16,199,,,
10,BI16,391,,,
10,BI16,2738,,,
10,BI16,1625,,,
10,BI16,72,,,
10,BI16,205,,,
10,BI16,1442,,,
10,BI16,1595,,,
10,BB231,1250,,,
10,BB231,2676,Queen,,
10,BB231,1487,Queen,,Y
10,BB231,202,Queen,,
10,BB231,2589,,,
10,BB231,394,,,
10,BB231,362,Queen,,
10,BB231,66,,,
10,BB231,1417,Queen,,
10,BB231,2578,Queen,,
10,BB231,67,Queen,,
10,BB231,2772,,,
10,BB231,1324,,,
10,BB231,2804,,,
10,BB231,359,,,
10,BI10,300,Queen,,Y
10,BI10,129,,,
10,BI10,320,,,
10,BI10,1319,,,
10,BI10,164,,,
10,BI10,109,,,
10,BI10,194,,,
10,BI10,197,,,
10,BI10,2611,,,
10,BI10,295,,,
10,BI10,166,,,
10,BI10,171,,,
10,BI10,18,,,
10,BI10,228,,,
10,BI10,676,,,
10,BI10,71,,,
10,BI10,1349,,,
10,BI10,1225,,,
10,BI10,267,,,
10,BI10,200,,,
10,BI10,77,,,
10,BI196,324,,,
10,BI196,2540,,,
10,BI196,32,,,
10,BI196,262,,,
10,BI196,98,,,
10,BI196,1411,,,
10,BI196,2443,,,
10,BI196,227,,,
10,BI196,1376,,,
10,BI196,1283,,,
10,BI196,326,,,
10,BI196,2650,,,
10,BI196,293,,,
10,BI196,291,,,
10,BI196,298,,,
10,BI196,2412,,,
10,BI196,2536,Male,Callow,
10,BI196,43,,,
10,BI196,1366,Male,Callow,
10,BI196,233,Queen,,Y
10,BI196,204,,,
10,BI196,268,,,
10,BI196,1618,,,
10,BI196,2683,,,
10,BI196,108,,,
10,BI196,11,,,
10,BI196,1483,,,
3,BI56,138,Queen,,Y
3,BI56,301,,,
3,BI56,237,,,
3,BI56,389,,,
3,BI170,160,Queen,,Y
3,BI170,360,,,
3,BI170,352,,,
3,BI238,135,,,
3,BI238,47,,,
3,BI238,1452,Queen,,Y
3,BB38,101,,,
3,BB38,1599,,,
3,BB38,331,Queen,,Y
9,BG244,2475,Male,Callow,
9,BG244,599,Male,Callow,
9,BG244,756,,,
9,BG244,501,,,
9,BG244,699,,,
9,BG244,795,,,
9,BG244,761,,,
9,BG244,2645,,,
9,BG244,604,,,
9,BG244,321,Male,,
9,BG244,664,,,
9,BG244,646,Male,,
9,BG244,637,,,
9,BG244,2644,Male,,
9,BG244,605,,,
9,BG244,2579,Male,,
9,BG244,594,,,
9,BG244,104,,,
9,BG244,666,Male,Callow,
9,BG244,435,Male,,
9,BG244,818,Queen,,Y
9,BG244,260,,,
9,BG244,2503,,,
9,BG244,594,,,
9,BG244,46,,,
9,BG244,767,Male,,
9,BG244,560,,,
9,BI211,727,,,
9,BI211,1387,,,
9,BI211,729,,,
9,BI211,265,,,
9,BI211,703,,,
9,BI211,764,,,
9,BI211,1282,,,
9,BI211,1566,,,
9,BI211,481,,,
9,BI211,1562,,,
9,BI211,2474,,,
9,BI211,387,,,
9,BI211,42,Queen,,Y
9,BI211,269,Male,Callow,
9,BI211,258,,,
9,BI211,70,,,
9,BI211,392,,,
9,BI211,702,,,
9,BI211,543,,,
9,BI211,429,,,
9,BI211,722,,,
9,BI211,2716,,,
9,BI211,728,,,
9,BI211,2739,,,
9,BI211,542,,,
9,BI211,491,Male,,
9,BI211,631,,,
9,BI211,565,Male,Callow,
9,BI211,570,,,
9,BI211,236,,,
9,BI211,643,,,
9,BI211,600,,,
9,BI211,689,,,
9,BI211,538,,,
9,BI211,449,,,
9,BI211,1,,,
9,BI211,1567,,,
9,BB39,754,,,
9,BB39,819,,,
9,BB39,733,,,
9,BB39,788,,,
9,BB39,822,,,
9,BB39,1286,Male,,
9,BB39,1224,Male,,
9,BB39,528,Male,,
9,BB39,529,,,
9,BB39,4,Male,,
9,BB39,179,,,
9,BB39,128,,,
9,BB39,726,,,
9,BB39,36,,,
9,BB39,169,,,
9,BB39,539,Queen,,Y
9,BB39,1557,,,
9,BB39,494,Male,,
9,BB39,758,,,
9,BB39,819,,,
9,BB39,561,,,
9,BB39,796,,,
9,BB39,533,Male,,
9,BB67,133,,Callow,
9,BB67,823,Queen,,Y
9,BB67,136,,,
9,BB67,357,,,
9,BB67,627,,,
9,BB67,425,,,
9,BB67,787,,,
9,BB67,2773,,,
9,BB67,419,,,
9,BB67,418,,,
6,BG239,1023,Queen,,
6,BG239,987,Queen,,
6,BG239,914,,,
6,BG239,489,,,
6,BG239,1067,,,
6,BG239,953,Queen,,
6,BG239,880,,,
6,BG239,790,Queen,,
6,BG239,407,,,
6,BG239,1038,,,
6,BG239,329,,,
6,BG239,1028,Queen,,Y
6,BG239,1096,Queen,,
6,BB248,1071,,,
6,BB248,1129,Male,Callow,
6,BB248,859,,,
6,BB248,1095,Queen,,
6,BB248,425,,,
6,BB248,1019,,,
6,BB248,1070,,,
6,BB248,235,,,
6,BB248,1163,,,
6,BB248,1090,,,
6,BB248,1018,,,
6,BB248,14,,,
6,BB248,1101,Male,Callow,
6,BB59,1189,,,
6,BB59,1013,,,
6,BB59,825,Queen,,Y
6,BB59,976,,,
6,BB59,1162,,,
12,BI217,1694,,,
12,BI217,1908,,,
12,BI217,1873,,,
12,BI217,1757,,,
12,BI217,1657,,,
12,BI217,1943,,,
12,BI217,1816,,,
12,BI217,2865,,,
12,BI217,1789,Male,,
12,BI217,1815,,,
12,BI217,1915,,,
12,BI217,867,,,
12,BI217,1876,,,
12,BI217,3206,,,
12,BI217,1753,,,
12,BI217,1133,,,
12,BI217,1783,,,
12,BI217,3202,,,
12,BI217,1153,,,
12,BI217,2011,,,
12,BI217,1722,,,
12,BI217,1128,,,
12,BI217,849,,,
12,BI217,1198,,,
12,BI217,1779,,,
12,BI217,1778,,,
12,BI217,3188,,,
12,BI217,1684,,,
12,BI217,1939,,,
12,BI217,1751,,,
12,BI217,1100,,,
12,BI217,2836,,,
12,BI217,1681,,,
12,BI217,1716,,,
12,BI217,1872,,,
12,BI217,423,,,
12,BI217,1747,,,
12,BI217,3209,,,
12,BI217,2069,Queen,,Y
12,BI217,1821,,,
12,BI217,1712,,,
12,BI217,956,,,
12,BI217,353,,,
12,BI217,991,,,
12,BI217,957,,,
12,BI217,1843,,,
12,BI217,1651,,,
12,BI217,3179,,,
12,BI217,2847,,,
12,BI217,1685,,,
12,BI217,1782,,,
12,BI217,1727,,,
12,BI217,1061,,,
12,BI217,1980,,,
12,BI217,1097,,,
12,BI217,532,,,
12,BI217,921,,,
12,BI217,1152,,,
12,BI217,890,,,
12,BI217,1025,,,
12,BI217,1975,,,
12,BI217,1909,,,
12,BI217,195,,,
12,BI217,1123,,,
12,BI217,1948,,,
12,BI217,3067,,,
12,BI217,3069,,,
12,BI217,3203,,,
12,BI217,3003,,,
12,BI217,3212,,,
12,BI217,1195,,,
12,BI217,1961,,,
12,BI217,950,,,
12,BI217,3027,,,
12,BI217,2879,,,
12,BI217,919,,,
12,BI217,1132,,,
12,BI205,1695,,,
12,BI205,1661,,,
12,BI205,1057,,,
12,BI205,1185,,,
12,BI205,2001,,,
12,BI205,2842,,,
12,BI205,894,,,
12,BI205,1853,,,
12,BI205,143,,,
12,BI205,1029,,,
12,BI205,986,,,
12,BI205,1166,,,
12,BI205,448,,,
12,BI205,1585,,,
12,BI205,1167,,,
12,BI205,829,Queen,,Y
12,BI205,290,,,
12,BI205,366,,,
12,BI205,1905,,,
12,BI205,630,,,
12,BI205,1126,,,
12,BI205,2837,,,
12,BI205,484,,,
12,BI205,1691,,,
12,BI205,1122,,,
12,BI205,1883,,Callow,
12,BI205,290,,Callow,
12,BI205,1034,,,
12,BI205,990,,,
12,BI205,925,,,
12,BI205,1476,,,
12,BI205,1156,,,
12,BI205,885,,,
12,BI205,626,,,
12,BI205,1887,,Callow,
12,BI205,3204,,,
12,BI205,2846,,,
12,BI205,2032,,,
12,BI205,1066,,,
12,BI205,1756,,,
12,BI205,1919,,,
12,BI205,981,,,
12,BI205,692,,,
12,BI205,1750,,,
12,BI205,636,,,
12,BI205,334,,,
12,BI205,1655,,,
12,BI205,422,,,
12,BI205,1318,,,
12,BI205,1945,,,
12,BI205,2000,,,
12,BI205,723,,,
12,BI205,1746,,,
12,BI205,632,,,
12,BI205,1008,,,
12,BI205,888,,,
12,BI205,486,,,
12,BI205,1039,,,
12,BB86,428,Queen,,
12,BB86,462,Queen,,
12,BB86,1847,Male,,
12,BB86,495,Male,,
12,BB86,1035,Male,,
12,BB86,1199,Male,,
12,BB86,633,,,
12,BB86,1914,,,
12,BB86,951,Male,,
12,BB86,863,Male,,
12,BB86,2801,Male,,
12,BB86,595,Male,,
12,BB86,1690,,,
12,BB86,1820,,,
12,BB86,175,Male,,
12,BB86,2864,Queen,,Y
12,BB86,2033,Male,,
12,BB86,1094,,,
12,BB86,980,Male,,
12,BB86,1852,Male,,
12,BB86,1976,,,
12,BB86,2004,Male,,
12,BB86,1060,,,
12,BB105,3211,Queen,,
12,BB105,1944,,,
12,BB105,661,,,
12,BB105,1817,,,
12,BB105,924,,,
12,BB105,1788,Queen,,Y
12,BB105,335,,,
12,BB105,1218,,,
12,BB105,1012,,,
12,BB105,1784,Male,,
12,BB105,828,Male,,
12,BB105,1977,,,
12,BB105,1188,Male,,
12,BB105,1877,,,
12,BB105,397,,,
12,BB105,424,,,
13,BI106,3377,,,
13,BI106,1622,,,
13,BI106,1292,,,
13,BI106,3033,,,
13,BI106,3032,,,
13,BI106,3177,,,
13,BI106,3116,,,
13,BI106,2909,,,
13,BI106,1024,,,
13,BI106,1848,,,
13,BI106,952,,,
13,BI106,2005,,,
13,BI106,1726,,Callow,
13,BI106,3146,,,
13,BI106,3002,,,
13,BI106,2092,,,
13,BI106,2377,,,
13,BI106,3113,,,
13,BI106,2015,,,
13,BI106,915,,,
13,BI106,1127,,,
13,BI106,3234,,,
13,BI106,3063,,,
13,BI106,2997,,,
13,BI106,2182,,,
13,BI106,2992,,,
13,BI106,1904,,,
13,BI106,2254,,,
13,BI106,1938,,,
13,BI106,3030,,,
13,BI106,2902,,,
13,BI106,2874,,,
13,BI106,3136,,,
13,BI106,2975,,,
13,BI106,3427,,,
13,BI106,3082,,,
13,BI106,2965,,,
13,BI106,3147,,,
13,BI106,1970,,,
13,BI106,3084,,,
13,BI106,2898,,,
13,BI106,2974,,,
13,BI106,824,,,
13,BI106,2971,Queen,,Y
13,BI106,3462,,,
13,BI106,3031,,,
13,BI106,858,,,
13,BI106,1849,,,
13,BI106,1656,,,
13,BI106,895,,,
13,BI106,3080,,,
13,BI106,2970,,,
13,BI106,1811,,,
13,BI106,656,,,
13,BI106,3338,,,
13,BI106,3533,,,
13,BI106,3213,,,
13,BI106,1654,,,
13,BI106,1184,,,
13,BI106,2904,,,
13,BI106,3006,,,
13,BI106,2940,,,
13,BI106,977,,,
13,BI106,1628,,,
13,BI106,3141,,,
13,BI106,2014,,,
13,BI106,1971,,,
13,BI106,3342,,,
13,BI106,2093,,,
13,BI106,9,,,
13,BI106,2216,,,
13,BI106,3106,,,
13,BI106,2960,,,
13,BI106,1660,,,
13,BI106,480,,,
13,BI106,3059,,,
13,BI106,3140,,,
13,BI106,3068,,,
13,BI106,853,,,
13,BI106,2937,,Callow,
13,BI106,946,,,
13,BI106,2217,,,
13,BI106,3058,,,
13,BI106,755,,,
13,BI106,2843,,,
13,BI106,1157,,,
13,BI106,103,,,
13,BI106,2304,,,
13,BI106,1194,,,
13,BI106,2908,,,
13,BI106,3554,,,
13,BI106,793,,,
13,BI106,1846,,,
13,BI106,3603,,,
13,BI106,2145,,,
13,BI106,2036,,,
13,BI106,458,,,
13,BI106,1056,,Callow,
13,BI106,575,,,
13,BI106,1289,,,
13,BI106,1752,,,
13,BI106,3079,,,
13,BI72,3428,,,
13,BI72,1614,,,
13,BI72,1629,,,
13,BI72,3174,,,
13,BI72,2930,,,
13,BI72,2931,,,
13,BI72,1091,,,
13,BI72,3036,,,
13,BI72,2178,,,
13,BI72,1009,,,
13,BI72,2056,,,
13,BI72,2935,,,
13,BI72,2875,,,
13,BI72,3074,,,
13,BI72,226,,,
13,BI72,3026,,Callow,
13,BI72,2183,,,
13,BI72,2868,,,
13,BI72,2340,,,
13,BI72,463,,,
13,BI72,2309,,Callow,
13,BI72,3151,,,
13,BI72,571,,,
13,BI72,3465,,,
13,BI72,2899,,,
13,BI72,2934,,Callow,
13,BI72,3137,,,
13,BI72,3112,,,
13,BI72,3037,,,
13,BI72,3502,,,
13,BI72,2346,,,
13,BI72,2347,,,
13,BI72,2996,,,
13,BI72,2408,,,
13,BI72,106,,,
13,BI72,2144,,,
13,BI72,2374,,,
13,BI72,3394,,,
13,BI72,3304,,,
13,BI72,2051,,,
13,BI72,3169,,,
13,BI72,2903,,,
13,BI72,2087,,,
13,BI72,3265,,,
13,BI72,2308,,,
13,BI72,2123,,,
13,BI72,2276,,,
13,BI72,2047,,,
13,BI72,2046,,,
13,BI72,2941,,,
13,BI72,2273,,,
13,BI72,1974,,,
13,BI72,2244,,,
13,BI72,2088,,,
13,BI72,1785,,,
13,BI72,2250,,,
13,BI72,918,,,
13,BI72,1717,,,
13,BI72,2070,,,
13,BI72,2126,,,
13,BI72,2220,,,
13,BI72,2054,,,
13,BI72,2149,,,
13,BI72,2337,,,
13,BI72,3172,,,
13,BI72,2402,,,
13,BI72,2241,,,
13,BI72,2380,,,
13,BI72,2964,,,
13,BI72,848,,,
13,BI72,2061,,,
13,BI72,3182,,,
13,BI72,2371,,,
13,BI72,3171,,,
13,BI72,2214,,,
13,BI72,2117,,,
13,BI72,2318,,,
13,BI72,2122,,,
13,BI72,2210,,,
13,BI72,2043,,,
13,BI72,2905,,,
13,BI72,2155,,,
13,BI72,3499,,,
13,BI72,2055,,,
13,BI72,1942,,,
13,BI72,2127,,,
13,BI72,2116,,,
13,BI72,2042,,,
13,BI72,2184,,,
13,BI72,2245,,,
13,BI72,1650,,,
13,BI72,2403,,,
13,BI66,688,,,
13,BI66,2240,,,
13,BI66,3460,,,
13,BI66,3328,,,
13,BI66,3613,,,
13,BI66,852,,,
13,BI66,3364,,,
13,BI66,3498,,,
13,BI66,3375,,,
13,BI66,2251,,,
13,BI66,3529,,,
13,BI66,3336,,,
13,BI66,3605,,,
13,BI66,3602,,,
13,BI66,3470,,,
13,BI66,3360,,,
13,BI66,3493,,Callow,
13,BI66,3279,,,
13,BI66,3562,,,
13,BI66,2057,,,
13,BI66,3639,,,
13,BI66,2154,,,
13,BI66,3560,,,
13,BI66,3522,,,
13,BI66,3333,,,
13,BI66,3437,,,
13,BI66,3559,,,
13,BI66,2082,,,
13,BI66,3638,,Callow,
13,BI66,1219,,,
13,BI66,3400,,,
13,BI66,2315,,,
13,BI66,2277,,,
13,BI66,3557,,,
13,BI66,1022,,,
13,BI66,3240,,,
13,BI66,2376,,,
13,BI66,3329,,,
13,BI66,2407,,,
13,BI66,3426,,,
13,BI66,2185,,,
13,BI66,3523,,,
13,BI66,698,,,
13,BI66,2351,,,
13,BI66,1886,,,
13,BI66,3239,,,
13,BI66,3245,,,
13,BI66,3607,,,
13,BI66,3310,,,
13,BI66,2010,,,
13,BI66,2936,,,
13,BI66,3270,,,
13,BI66,3471,,,
13,BI66,2961,,,
13,BI66,2406,,,
13,BI66,2282,,,
13,BI66,3503,,,
13,BI66,2283,,,
13,BI66,2113,,,
13,BI66,3635,,,
13,BI66,3301,,,
13,BI66,3111,,,
13,BI66,3275,,,
13,BI66,3609,,,
13,BI66,3278,,,
13,BI66,3361,,,
13,BI66,3235,,,
13,BI66,3064,,,
13,BI66,3402,,,
13,BI66,2350,,,
13,BI66,2112,,,
13,BI66,3150,,,
13,BI66,3303,,,
13,BI66,3489,,,
13,BI66,3110,,,
13,BI66,2215,,,
13,BI66,3456,,,
13,BI66,1949,,,
13,BI66,2188,,,
13,BI66,2314,,,
13,BB37,3399,,,
13,BB37,3268,,,
13,BB37,2148,,,
13,BB37,3335,,,
13,BB37,947,,,
13,BB37,3488,,,
13,BB37,3117,,,
13,BB37,3532,,,
13,BB37,2319,,,
13,BB37,3435,,,
13,BB37,3457,,,
13,BB37,3007,,,
13,BB37,3575,,,
13,BB37,2878,,,
13,BB37,2087,,,
13,BB37,3405,,,
13,BB37,2272,,,
13,BB37,3564,,,
13,BB37,2211,,,
13,BB37,3077,,,
13,BB37,2287,,,
13,BB37,3095,,,
1,BI55,2089,Queen,,Y
1,BI195,3244,Queen,,Y
1,BI195,2189,,,
1,BI195,3296,,,
1,BI195,3273,,,
1,BI195,3237,,,
1,BI195,1723,,,
1,BI195,3526,,,
1,BB36,2286,,,
1,BB36,3371,Queen,,Y
1,BB36,3311,,,
1,BB36,3397,Male,,
1,BB36,3297,Male,,
1,BB36,3436,,,
1,BB36,3565,Male,,
1,BB36,2305,Male,,
1,BB137,3306,Queen,,Y
1,BB137,3065,,,
1,BB137,3374,,,
7,BI134,4484,Queen,,Y
7,BI134,4638,,,
7,BI134,4639,,,
7,BI134,4661,,,
7,BI134,4660,,,
7,BI134,4629,,,
7,BI134,4788,,,
7,BI134,4785,,,
7,BI134,4762,,,
7,BI134,4767,,,
7,BI134,4766,,,
7,BI134,4763,,,
7,BI134,4756,,,
7,BI134,4798,,,
7,BI134,4489,,Y,
7,BI134,4794,,,
7,BI134,4818,,,
7,BI134,4822,,,
7,BI134,4486,,,
7,BI134,3343,,,
7,BI134,3528,,,
7,BI134,3242,,,
7,BI134,3264,,,
7,BI134,2221,,,
7,BI134,2179,,,
7,BI134,2159,,,
7,BI134,3366,,,
7,BI134,2336,,,
7,BI134,2158,,,
7,BI134,2060,,,
7,BI134,2381,,,
7,BI134,2083,,,
7,BI134,2353,,,
7,BI134,3608,,,
7,BI134,4857,,,
7,BI134,4544,,,
7,BI134,4584,,,
7,BI134,3404,,,
7,BI134,4795,,,
7,BI134,4670,,,
7,BI134,4700,,,
7,BI134,4691,,,
7,BI134,4459,,,
7,BI134,4854,,,
7,BI134,4482,,,
7,BI134,4666,,,
7,BI134,4694,,,
7,BI134,4591,,,
7,BI134,4851,,,
7,BI134,4799,,,
7,BI134,4829,,,
7,BI134,4855,,,
7,BI134,4671,,,
7,BI134,4819,,,
7,BI134,4559,,,
7,BI134,4634,,,
7,BI134,4590,,,
7,BI134,4586,,,
7,BI134,4581,,,
7,BI134,4789,,,
7,BI134,4856,,,
7,BI134,4624,,,
7,BI134,4548,,,
7,BI134,4828,,,
7,BI134,4577,,,
7,BI134,4757,,,
7,BI134,4628,,,
7,BI134,4453,,,
7,BI134,4824,,,
7,BI134,4657,,,
7,BI134,4667,,,
7,BI134,4825,,,
7,BI134,4555,,,
7,BI134,4695,,,
7,BI134,4583,,,
7,BI134,4483,,,
7,BI134,4493,,,
7,BI134,4458,,,
7,BI134,4722,,,
7,BI134,4462,,,
7,BI134,4752,,,
7,BI134,4723,,,
7,BI134,4733,,,
7,BI134,4514,,,
7,BI156,4728,,,
7,BI156,6212,,,
7,BI156,4270,,,
7,BI156,6294,,,
7,BI156,6382,,,
7,BI156,6138,,,
7,BI156,4260,,,
7,BI156,4295,,,
7,BI156,6142,,,
7,BI156,6156,,,
7,BI156,4518,,,
7,BI156,6405,,Callow,
7,BI156,6101,,,
7,BI156,6107,,,
7,BI156,4051,,,
7,BI156,6129,,,
7,BI156,6146,,,
7,BI156,4326,,,
7,BI156,4430,,,
7,BI156,6341,,,
7,BI156,6184,,Callow,
7,BI156,6157,,,
7,BI156,5073,,,
7,BI156,6359,,,
7,BI156,4364,,,
7,BI156,386,,,
7,BI156,4106,,,
7,BI156,230,,,
7,BI156,4322,,,
7,BI156,6369,,,
7,BI156,4358,,,
7,BI156,4139,,,
7,BI156,4097,,,
7,BI156,3807,,,
7,BI156,4656,,,
7,BI156,4361,,,
7,BI156,4111,,,
7,BI156,2409,,,
7,BI156,4057,,,
7,BI156,6255,,,
7,BI156,3834,,,
7,BI156,6218,,Callow,
7,BI156,4753,,Callow,
7,BI156,6360,,Callow,
7,BI156,6096,,Callow,
7,BI156,6188,,Callow,
7,BI156,4823,,,
7,BI156,4524,,,
7,BI156,6284,,,
7,BI156,4696,,,
7,BI156,6183,,,
7,BI156,4386,,,
7,BI156,6404,,,
7,BI156,5072,,,
7,BI156,6151,,,
7,BI156,6097,,,
7,BI156,6208,,,
7,BI156,6372,,,
7,BI156,6442,,,
7,BI156,6161,,,
7,BI156,6378,,,
7,BI156,4726,,,
7,BI156,6340,,,
7,BI156,4954,,,
7,BI156,6132,,,
7,BI156,4087,,,
7,BI156,4060,,,
7,BI156,6379,Queen,,Y
7,BI84,6373,Queen,,Y
7,BI84,4089,,,
7,BI84,4323,,,
7,BI84,5014,,,
7,BI84,6278,,,
7,BI84,4514,,Callow,
7,BI84,6275,,,
7,BI84,6473,,,
7,BI84,4327,,,
7,BI84,6479,,,
7,BI84,4296,,,
7,BI84,4387,,,
7,BI84,6437,,,
7,BI84,4417,,,
7,BI84,4166,,,
7,BI84,4690,,,
7,BI84,4701,,,
7,BI84,4225,,,
7,BI84,6470,,,
7,BI84,6279,,,
7,BI84,2375,,,
7,BI84,4201,,,
7,BI84,6222,,,
7,BI84,4393,,,
7,BI84,4727,,,
7,BI84,6178,,,
7,BI84,4397,,,
7,BI84,4291,,,
7,BI84,6337,,,
7,BI84,6139,,,
7,BI84,6110,,,
7,BI84,6280,,,
7,BI84,4196,,Callow,
7,BI84,4110,,,
7,BI84,4030,,,
7,BI84,5124,,,
7,BI84,4732,,,
7,BI84,4329,,,
7,BI84,6133,,,
7,BI84,4257,,,
7,BI84,4235,,,
7,BI84,4416,,,
7,BI84,4297,,,
7,BI84,6241,,,
7,BG201,4143,Queen,,
7,BG201,4491,Queen,,
7,BG201,4558,Queen,,
7,BG201,6111,Queen,,
7,BG201,3641,Queen,,
7,BG201,4096,Queen,,
7,BG201,4420,Queen,,
7,BG201,4576,,,
7,BG201,4026,Male,,
7,BG201,4452,Male,,
7,BG201,4168,Male,,
7,BG201,6463,Male,,
7,BG201,4521,Queen,,Y
7,BG201,6433,,,
7,BG201,6317,,,
7,BG201,4031,Male,,
7,BG201,6313,,,
7,BG201,4520,Male,,
7,BG201,6240,,,
7,BG201,4576,,,
7,BG201,4138,Male,,
7,BG201,4020,,,
7,BG201,6249,,,
7,BG201,4055,,,
7,BG201,4525,,,
15,BI89,5482,,,
15,BI89,3933,,,
15,BI89,5082,,,
15,BI89,4991,,,
15,BI89,5415,,,
15,BI89,5662,,,
15,BI89,5572,,,
15,BI89,5291,,,
15,BI89,3768,,,
15,BI89,6223,,,
15,BI89,4986,,,
15,BI89,4784,,,
15,BI89,5105,,,
15,BI89,5486,,,
15,BI89,4958,,,
15,BI89,5249,,,
15,BI89,3932,,,
15,BI89,4169,,,
15,BI89,5516,,,
15,BI89,3701,,,
15,BI89,5252,,,
15,BI89,4980,,,
15,BI89,3998,,,
15,BI89,5163,,,
15,BI89,4162,,,
15,BI89,4167,,,
15,BI89,5421,,,
15,BI89,5248,,,
15,BI89,5223,,,
15,BI89,5226,,,
15,BI89,3989,,,
15,BI89,5187,,,
15,BI89,4431,,,
15,BI89,4205,,,
15,BI89,5327,,,
15,BI89,6189,,,
15,BI89,4301,,,
15,BI89,3769,,,
15,BI89,5423,,,
15,BI89,5545,,,
15,BI89,6185,,,
15,BI89,4204,,,
15,BI89,4554,,,
15,BI89,3763,,,
15,BI89,5652,,,
15,BI89,5120,,,
15,BI89,5190,,,
15,BI89,3888,,,
15,BI89,6350,,,
15,BI89,5443,,,
15,BI89,4893,,,
15,BI89,5042,,,
15,BI89,5600,,,
15,BI89,3675,,,
15,BI89,3711,,,
15,BI89,3825,,,
15,BI89,5192,,,
15,BI89,3856,,,
15,BI89,4925,,,
15,BI89,5284,,,
15,BI89,4128,,,
15,BI89,5351,,,
15,BI89,4333,,,
15,BI89,3964,,,
15,BI89,4886,,,
15,BI89,5196,,,
15,BI89,5294,,,
15,BI89,5604,,,
15,BI89,4990,,,
15,BI89,5353,,,
15,BI89,5578,,,
15,BI89,4195,,,
15,BI89,5221,,,
15,BI89,5109,,,
15,BI89,5258,,,
15,BI89,5312,,Callow,
15,BI89,3740,,,
15,BI89,5126,,,
15,BI89,4959,,,
15,BI89,4987,,,
15,BI89,5290,,,
15,BI89,4981,,,
15,BI89,3710,,,
15,BI89,5321,,,
15,BI89,3963,,,
15,BI89,4955,,,
15,BI89,5487,,,
15,BI89,6466,,,
15,BI89,3700,,,
15,BI89,5357,,,
15,BI89,5512,,,
15,BI89,3730,,,
15,BI89,5347,,,
15,BI89,3802,,,
15,BI89,5314,,,
15,BI89,5517,,,
15,BI89,3988,,,
15,BI89,5166,,,
15,BI89,3994,,,
15,BI89,5263,,,
15,BI89,5114,,,
15,BI89,5108,,,
15,BI89,3902,,,
15,BI89,3839,,,
15,BI89,4625,,,
15,BI89,4892,,,
15,BI89,6368,,,
15,BI89,4883,,,
15,BI89,5473,,,
15,BI89,4092,,,
15,BI89,3697,,,
15,BI89,4421,,,
15,BI89,5450,,,
15,BI89,3644,,,
15,BI89,3955,,,
15,BI89,4944,,,
15,BI89,5191,,,
15,BI89,4103,,,
15,BI89,5379,,,
15,BI89,5582,,,
15,BI89,3965,,,
15,BI89,3871,,,
15,BI89,5583,,,
15,BI89,5135,,,
15,BI89,4129,,,
15,BI89,3732,,,
15,BI89,3954,,,
15,BI89,5385,,,
15,BI89,5015,,,
15,BI89,3796,,,
15,BI89,5049,,,
15,BI89,5152,,,
15,BI89,5388,,,
15,BI89,3961,,,
15,BI89,5444,,,
15,BI89,5389,,,
15,BI89,5483,,,
15,BI89,5514,Queen,,Y
15,BI89,4355,,,
15,BI89,5115,,,
15,BI89,3737,,,
15,BI89,3793,,,
15,BI89,5119,,,
15,BI89,5167,,Callow,
15,BI89,5549,,,
15,BI89,5658,,,
15,BI89,5511,,,
15,BI89,4061,,,
15,BI89,4203,,,
15,BI89,3806,,,
15,BI89,5414,,,
15,BI89,5542,,,
15,BI89,5318,,,
15,BI89,6448,,,
15,BI89,5579,,,
15,BI89,6251,,,
15,BI89,5609,,,
15,BI89,5253,,,
15,BI89,5131,,,
15,BI89,5659,,,
15,BI99,4889,,,
15,BI99,4359,,,
15,BI99,4519,,,
15,BI99,4054,,,
15,BI99,5228,,,
15,BI99,6347,,,
15,BI99,5118,,,
15,BI99,4021,,,
15,BI99,5134,,,
15,BI99,6128,,,
15,BI99,6331,,,
15,BI99,6415,,,
15,BI99,3899,,,
15,BI99,6332,,,
15,BI99,5020,,,
15,BI99,3739,,,
15,BI99,5382,,,
15,BI99,4082,,,
15,BI99,4427,,,
15,BI99,3792,,,
15,BI99,5568,,,
15,BI99,5224,,,
15,BI99,5319,,,
15,BI99,5356,,,
15,BI99,4173,,,
15,BI99,4887,,,
15,BI99,5053,,,
15,BI99,4294,,,
15,BI99,4919,,,
15,BI99,4949,,,
15,BI99,6281,,,
15,BI99,5156,,,
15,BI99,3985,,,
15,BI99,5653,,,
15,BI99,6209,,,
15,BI99,4392,,,
15,BI99,5648,,,
15,BI99,5048,,,
15,BI99,4920,,,
15,BI99,4093,,,
15,BI99,3989,,,
15,BI99,6477,,,
15,BI99,4027,,,
15,BI99,5017,,,
15,BI99,3999,,,
15,BI99,4224,,,
15,BI99,5047,,,
15,BI99,4888,,,
15,BI99,3797,,,
15,BI99,6414,,,
15,BI99,4234,,,
15,BI99,5477,,,
15,BI99,3966,,,
15,BI99,6435,,,
15,BI99,3803,,,
15,BI99,5129,,Callow,
15,BI99,6106,,,
15,BI99,3772,,,
15,BI99,5507,,,
15,BI99,3665,,,
15,BI99,5538,,,
15,BI99,5010,,,
15,BI99,5083,,,
15,BI99,4198,,,
15,BI99,5281,,,
15,BI99,5021,,,
15,BI99,4391,,,
15,BI99,6310,,,
15,BI99,6446,,,
15,BI99,5445,,,
15,BI99,6410,,,
15,BI99,4056,,,
15,BI99,3823,,,
15,BI99,5543,,,
15,BI99,4016,,,
15,BI99,5614,,,
15,BI99,3679,,,
15,BI99,5416,,,
15,BI99,5384,,,
15,BI99,3893,,,
15,BI99,5162,,,
15,BI99,5441,,,
15,BI99,3762,,,
15,BI99,3926,,,
15,BI99,3995,,,
15,BI99,4449,,,
15,BI99,5410,,,
15,BI99,5649,,,
15,BI99,3433,,,
15,BI99,5417,,,
15,BI99,5087,,,
15,BI99,5408,,,
15,BI99,5350,,,
15,BI99,3984,,,
15,BI99,6152,,,
15,BI99,6411,,,
15,BI99,5077,,,
15,BI99,3903,,,
15,BI99,5229,,,
15,BI99,5259,,,
15,BI99,5292,,,
15,BI99,5197,,,
15,BI99,5460,,,
15,BI99,4861,,,
15,BI99,5153,,,
15,BI99,4976,,,
15,BI99,4729,,,
15,BI99,5157,,,
15,BI99,5451,,,
15,BI99,4396,,,
15,BI99,3773,,,
15,BI99,5283,,,
15,BI99,5606,,,
15,BI99,3892,,,
15,BI99,5320,,,
15,BI99,4545,,,
15,BI99,3767,,,
15,BI99,6471,,,
15,BI99,5569,,,
15,BI99,4256,,,
15,BI99,4238,,,
15,BI99,3822,,,
15,BI99,3734,,,
15,BI99,3861,,,
15,BI99,5325,,,
15,BI99,5285,,,
15,BI99,6219,,,
15,BI99,3927,,,
15,BI99,6323,,,
15,BI99,3645,,,
15,BI99,3889,,,
15,BI99,6254,,,
15,BI99,5218,,,
15,BI99,6324,,,
15,BI99,598,,,
15,BI99,3824,,Callow,
15,BI99,5506,,,
15,BI99,5104,,,
15,BI99,4172,,,
15,BI99,4229,,,
15,BI99,3928,,,
15,BI99,5611,,,
15,BI99,5378,,,
15,BI99,5544,,,
15,BI99,6472,,,
15,BI99,4448,,,
15,BI99,5601,,,
15,BI99,6401,,,
15,BI99,3674,,,
15,BI99,4918,,,
15,BI99,6346,Queen,,Y
15,BI99,3731,,,
15,BI99,5539,,,
15,BI99,6306,,,
15,BI99,3706,,,
15,BI99,4271,,,
15,BI99,5383,,,
15,BI99,3696,,,
15,BI99,5476,,,
15,BI99,4921,,,
15,BI99,3838,,,
15,BI99,4261,,,
15,BI99,3430,,,
15,BI99,5052,,,
15,BI99,4239,,,
15,BI99,3664,,,
15,BI99,4365,,,
15,BI99,4163,,,
15,BI99,4860,,,
15,BI99,3829,,,
15,BI99,3707,,,
15,BI99,4332,,,
15,BI99,6179,,,
15,BI99,6285,,,
15,BI99,5509,,,
15,BI99,3923,,,
15,BI99,6383,,,
15,BI99,4328,,,
15,BI99,3668,,,
15,BI99,3808,,,
15,BI99,3741,,,
15,BI99,4132,,,
15,BI99,4133,,,
15,BI99,4697,,,
15,BG15,5615,,,
15,BG15,5694,Male,,
15,BG15,6040,Queen,,
15,BG15,5016,Male,,
15,BG15,6039,,,
15,BG15,5846,Queen,,
15,BG15,4882,Queen,,
15,BG15,6013,Male,,
15,BG15,5781,Male,,
15,BG15,5186,Queen,,Y
15,BG15,4492,,,
15,BG15,5718,,,
15,BG15,4977,Male,,
15,BG15,6077,,,
15,BG15,5938,Male,,
15,BG15,6045,Queen,,
15,BG15,6072,,,
15,BG15,3678,Queen,,
15,BG15,6041,Male,,
15,BG15,6073,Male,,
15,BG15,5747,Male,,
15,BG15,5691,,,
15,BG15,3958,Male,,
15,BG15,6005,,,
15,BG15,5454,Queen,,
15,BG15,6076,Male,,
15,BG15,5714,Male,,
15,BG15,5685,Male,,
15,BG15,5680,Male,,
15,BG15,5725,,,
15,BG15,6035,,,
15,BG15,5908,Male,,
15,BG15,5548,Queen,,
15,BG15,5746,Male,,
15,BG15,6070,Male,,
15,BG15,6067,,,
15,BG15,5881,Male,,
15,BG15,6034,,,
15,BG15,5352,Male,,
15,BG15,5784,,,
15,BG15,6044,,,
15,BG15,5262,Male,,
15,BG15,5719,,,
15,BG15,4945,,,
15,BG15,5882,Male,,
15,BG15,5708,,,
15,BG15,5043,Queen,Callow,
15,BG15,5983,,,
15,BG15,5853,Male,,
15,BG15,6012,Male,,
15,BG15,6071,,,
15,BG15,6244,Male,,
15,BG15,3929,Male,,
15,BG15,5684,Queen,,
15,BG15,4267,Male,,
15,BG15,4290,,,
15,BG15,6002,,,
5,BI208,6007,,,
5,BI208,7024,,,
5,BI208,6874,,,
5,BI208,7212,,,
5,BI208,5843,,Callow,
5,BI208,7278,,,
5,BI208,6741,,,
5,BI208,7122,,,
5,BI208,7179,,,
5,BI208,5949,,,
5,BI208,7302,,,
5,BI208,6601,,,
5,BI208,7129,,,
5,BI208,5883,,,
5,BI208,6548,,,
5,BI208,6143,,,
5,BI208,7177,,,
5,BI208,5873,,,
5,BI208,6008,,,
5,BI208,5663,,,
5,BI208,5948,Queen,,Y
5,BI208,7155,,,
5,BI208,6571,,,
5,BI208,6768,,,
5,BI208,7202,,,
5,BI208,5942,,,
5,BI208,6713,,,
5,BI208,6840,,,
5,BI208,5789,,,
5,BI208,6631,,,
5,BI208,6789,,,
5,BI208,7242,,,
5,BI208,5945,,,
5,BI208,7279,,,
5,BI208,6680,,,
5,BI208,6502,,,
5,BI208,5939,,,
5,BI208,6038,,,
5,BI208,5808,,,
5,BI208,6067,,,
5,BI208,7165,,,
5,BI208,5681,,,
5,BI208,7160,,Callow,
5,BI208,5904,,,
5,BI208,5979,,,
5,BI33,6498,,,
5,BI33,7203,,,
5,BI33,7305,,,
5,BI33,7084,,,
5,BI33,6600,,,
5,BI33,5086,,,
5,BI33,7126,Queen,,Y
5,BI33,6834,,,
5,BI33,6908,,,
5,BI33,6681,,,
5,BI33,7233,,,
5,BI33,5753,,,
5,BI33,6626,,,
5,BI33,6974,,,
5,BI33,6696,,,
5,BI33,7030,,,
5,BI33,7158,,,
5,BI33,6605,,,
5,BI33,5046,,,
5,BI33,6940,,,
5,BI33,6604,,,
5,BI33,5886,,,
5,BI33,6737,,,
5,BI33,7161,,,
5,BI33,6598,,,
5,BI33,7061,,,
5,BI33,7207,,,
5,BI33,7299,,,
5,BI33,6706,,,
5,BI33,7060,,,
5,BI33,7303,,,
5,BI33,7309,,,
5,BI33,7033,,,
5,BI33,6712,,,
5,BI33,7159,,,
5,BI33,7071,,,
5,BI33,6746,,,
5,BI33,6594,,,
5,BI33,6814,,,
5,BI33,6875,,,
5,BI33,5472,,,
5,BI33,6785,,,
5,BI33,6788,,,
5,BI33,6508,,,
5,BI33,7243,,,
5,BI33,7213,,,
5,BI33,6560,,,
5,BI33,7335,,,
5,BI33,7304,,,
5,BG157,6503,Male,,
5,BG157,5721,Queen,,
5,BG157,7164,Queen,,
5,BG157,6971,,,
5,BG157,7004,,,
5,BG157,6933,Queen,,
5,BG157,6779,Male,,
5,BG157,6717,,,
5,BG157,7098,Queen,,Y
5,BG157,7104,Queen,,
5,BG157,7066,Queen,,
5,BB64,6505,Queen,,Y
5,BB64,7174,,,
5,BB64,7076,,,
5,BB64,4463,,,
2,BI09,7237,,,
2,BI09,7272,,,
2,BI09,7246,,,
2,BI09,7271,,,
2,BI09,5872,,Callow,
2,BI09,5969,,,
2,BI09,5944,,,
2,BI09,6961,,,
2,BI09,6658,,,
2,BI09,6964,,,
2,BI09,6773,,,
2,BI09,7330,,,
2,BI09,5823,,,
2,BI09,7025,,,
2,BI09,6869,,,
2,BI09,5715,,,
2,BI09,6634,,,
2,BI09,6835,,,
2,BI09,6878,,,
2,BI09,7133,,,
2,BI09,7038,,,
2,BI09,6960,,,
2,BI09,5809,,,
2,BI09,7039,,,
2,BI09,6975,,,
2,BI09,7232,,Callow,
2,BI09,6599,,,
2,BI09,6931,,,
2,BI09,6574,,,
2,BI09,6778,,,
2,BI09,6899,,,
2,BI09,7247,,,
2,BI09,6909,,,
2,BI09,5813,,Callow,
2,BI09,6782,,,
2,BI09,5848,,,
2,BI09,5724,,,
2,BI09,6838,,,
2,BI09,6637,,,
2,BI09,7209,,,
2,BI09,6906,,,
2,BI09,6864,,,
2,BI09,5918,,,
2,BI09,6575,,,
2,BI09,6688,,,
2,BI09,7265,,,
2,BI09,5973,,,
2,BI09,5695,,,
2,BI09,5972,,,
2,BI09,6003,,,
2,BI09,5910,Queen,,Y
2,BI09,5819,,,
2,BI09,7001,,,
2,BI09,6561,,,
2,BI09,7172,,,
2,BI09,6723,,,
2,BI09,7298,,,
2,BI09,7028,,,
2,BI09,7056,,,
2,BI09,6710,,,
2,BI09,5919,,,
2,BI09,5847,,,
2,BI09,6903,,,
2,BI09,6879,,,
2,BI09,7269,,,
2,BG234,6632,Male,,
2,BG234,6901,male,,
2,BG234,6010,Male,,
2,BG234,7334,,,
2,BG234,7308,Queen,,Y
2,BG234,7180,Male,,
2,BG234,6769,,,
2,BG234,5752,Male,,
2,BG234,5913,Male,,
2,BG234,6565,Male,,
2,BG234,6703,Male,,
2,BG234,7123,,,
2,BG234,6695,Male,,
2,BG234,5905,,,
2,BG234,6674,,,
2,BG234,5876,Male,,
2,BG234,5818,Male,,
2,BI138,6750,,,
2,BI111,6066,Queen,,Y
2,BI111,6845,,,
14,BB53,6684,Queen,,
14,BB53,5968,Male,,
14,BB53,6929,,,
14,BB53,7083,Male,,
14,BB53,6675,Male,,
14,BB53,5849,Male,,
14,BB53,7057,Male,,
14,BB53,6679,Queen,,
14,BB53,6844,,,
14,BB53,7274,Male,,
14,BB53,6509,Male,,
14,BB53,6995,Male,,
14,BB53,5751,,,
14,BB53,7089,Queen,,
14,BB53,4924,Male,,
14,BB53,6595,Queen,,
14,BB53,6798,Male,,
14,BB53,5887,,,
14,BB53,5756,Queen,,
14,BB53,6941,Queen,,
14,BB53,5750,Male,,
14,BB53,6994,Queen,,
14,BB53,7236,,,
14,BB53,6935,,,
14,BB53,5978,Male,,
14,BB53,7206,,,
14,BB53,6918,Queen,,
14,BB53,5915,Queen,,
14,BB53,6570,Male,,
14,BB53,6636,,,
14,BB53,6795,Male,,
14,BB53,7331,Male,,
14,BB53,5757,Male,,
14,BB53,7005,,,
14,BB53,6999,,,
14,BB53,6799,,,
14,BB53,6839,Male,,
14,BB53,5812,Male,,
14,BB53,6938,Male,,
14,BB53,6841,Male,,
14,BB53,7171,Male,,
14,BB53,7102,Male,,
14,BB53,3395,Male,,
14,BB53,6998,Male,,
14,BB53,7264,Male,,
14,BB53,6499,Queen,,
14,BB53,6182,,,
14,BB53,6868,,,
14,BB53,5690,Male,,
14,BB53,6936,,,
14,BB53,6784,Male,,
14,BB53,6886,Male,,
14,BB53,6627,Queen,,
14,BB53,5943,Queen,,
14,BB53,7154,Queen,,
14,BB53,6537,Male,,
14,BB53,5822,Queen,,
14,BB53,5852,Queen,,
14,BB53,6504,Male,,
14,BB53,5982,Male,,
14,BI80,5134,Male,,
14,BI80,6401,,,
14,BI80,6369,Male,,
14,BI80,6442,,,
14,BI80,4914,,,
14,BI80,5156,,,
14,BI80,6373,Male,,
14,BI80,3710,Male,,
14,BI80,6331,Male,,
14,BI80,6285,Male,,
14,BI80,4986,Male,,
14,BI80,6433,Male,,
14,BI80,5163,Queen,,
14,BI80,6254,,,
14,BI80,6372,,,
14,BI80,6240,,,
14,BI80,6350,Queen,,
14,BI80,6279,Queen,,
14,BI80,6106,Queen,,
14,BI80,4915,,,
14,BI80,4977,Male,,
14,BI80,5115,,,
14,BI80,5105,Male,,
14,BI80,3669,Queen,,
14,BI80,6096,Male,,
14,BI80,5086,Queen,,
14,BI80,5014,Male,,
14,BI80,6142,,,
14,BI80,6313,,,
14,BI80,6179,Male,,
14,BI80,6189,Queen,,
14,BI80,4958,Male,,
14,BI80,6437,Queen,,
14,BI80,4882,Queen,,
14,BI80,6101,Male,,
14,BI80,6324,Queen,,
14,BI80,5126,Male,,
14,BI80,3696,,,
14,BI80,4918,Queen,,
14,BI80,6107,Queen,,
14,BI80,5191,,,
14,BI80,3739,Male,,
14,BI80,5052,Queen,,
14,BI109,6151,,,
14,BI109,7132,Male,,
14,BI109,6258,Male,,
14,BI109,5252,,,
14,BI109,7035,Queen,,
14,BI109,5223,Queen,,
14,BI109,6736,Male,,
14,BI109,3665,Male,,
14,BI109,6284,,,
14,BI109,6970,Queen,,
14,BI109,4945,Male,,
14,BI109,5043,Male,,
14,BI109,6783,,,
14,BI109,4892,Male,,
14,BI109,6241,Queen,,Y
14,BI40,5073,,,
14,BI40,6223,,,
14,BI40,5196,Queen,,
14,BI40,3668,,,
14,BI40,3679,,,
14,BI40,5021,,,
14,BI40,6294,,,
14,BI40,5011,,,
14,BI40,6400,,,
14,BI40,5042,,,
14,BI40,4920,,,
14,BI40,5219,,,
14,BI40,5077,,,
14,BI40,6129,,,
14,BI40,6383,,,